ID,Description,GeneRatio,BgRatio,pvalue,p.adjust,qvalue,geneID,Count
boe03040,Spliceosome,52/588,290/7794,2.33888090640732e-09,2.66632423330435e-07,2.65893829359991e-07,106319733/106321088/106308303/106323083/106316479/106302833/106317743/106343459/106327038/106319571/106325451/106322778/106322828/106329617/106329134/106333167/106329472/106335107/106334659/106329101/106328152/106334802/106341690/106339366/106342350/106342106/106341912/106295282/106295191/106294578/106295864/106294449/106294489/106293924/106300568/106300586/106296588/106300617/106296455/106296449/106301705/106304350/106304333/106311533/106311310/106311704/106317759/106318050/106318270/106313042/106315542/106318098,52
boe03013,RNA transport,36/588,274/7794,0.000694923559394036,0.0396106428854601,0.0395009181129242,106318163/106308708/106317470/106344211/106323103/106325451/106322778/106313285/106327205/106325291/106334938/106329134/106335179/106335974/106335151/106334659/106334535/106341014/106341491/106342350/106342434/106344004/106300511/106300617/106298194/106299853/106303938/106306498/106305760/106307890/106309943/106309683/106311901/106318098/106318806/106316093,36
