ID,Description,GeneRatio,BgRatio,pvalue,p.adjust,qvalue,geneID,Count
boe00480,Glutathione metabolism,24/444,159/7834,9.0752478302841e-06,0.000971051517840399,0.000878866105669618,106315350/106324757/106321579/106334422/106336013/106331682/106337315/106342187/106292707/106294764/106300996/106300129/106299269/106306755/106308404/106308217/106309564/106307449/106310378/106308197/106307224/106318303/106314415/106316649,24
boe00966,Glucosinolate biosynthesis,10/444,38/7834,3.47281107242215e-05,0.00185795392374585,0.00168157167717283,106302779/106327830/106339421/106337668/106343089/106343839/106294846/106292635/106306752/106316016,10
boe00920,Sulfur metabolism,13/444,67/7834,7.95210053518774e-05,0.00283624919088363,0.00256699385697288,106302805/106331528/106328745/106332457/106331433/106342464/106295356/106296222/106306507/106302172/106312397/106311835/106313567,13
