ID,Description,GeneRatio,BgRatio,pvalue,p.adjust,qvalue,geneID,Count
boe00511,Other glycan degradation,7/209,20/7855,4.93257833750129e-07,4.78460098737626e-05,4.62104707408016e-05,106320478/106335012/106325542/106327092/106341831/106306073/106305484,7
