ID,Description,GeneRatio,BgRatio,pvalue,p.adjust,qvalue,geneID,Count
boe00511,Other glycan degradation,6/244,21/7797,3.22804448393105e-05,0.00316348359425243,0.00302416799020909,106320478/106335012/106325542/106341831/106306073/106305484,6
boe00909,Sesquiterpenoid and triterpenoid biosynthesis,5/244,23/7797,0.000610486738363756,0.0299138501798241,0.028596484060197,106326551/106339788/106307047/106303240/106316964,5
