ID,Description,GeneRatio,BgRatio,pvalue,p.adjust,qvalue,geneID,Count
boe00511,Other glycan degradation,7/207,21/7834,6.89915806258447e-07,6.62319174008109e-05,6.39079904744667e-05,106320478/106335012/106325542/106327092/106341831/106306073/106305484,7
