ID,Description,GeneRatio,BgRatio,pvalue,p.adjust,qvalue,geneID,Count
boe00511,Other glycan degradation,6/175,20/7847,3.37626159677474e-06,0.000310616066903276,0.000305640523497503,106320478/106335012/106327092/106341831/106306073/106305484,6
