ID,Description,GeneRatio,BgRatio,pvalue,p.adjust,qvalue,geneID,Count
boe00511,Other glycan degradation,6/176,20/7856,3.46712377222663e-06,0.00031897538704485,0.000313865941485779,106320478/106335012/106327092/106341831/106306073/106305484,6
