ID,Description,GeneRatio,BgRatio,pvalue,p.adjust,qvalue,geneID,Count
boe00511,Other glycan degradation,6/244,21/7794,3.23500988578607e-05,0.00317030968807035,0.00303069347194695,106320478/106335012/106325542/106341831/106306073/106305484,6
boe00909,Sesquiterpenoid and triterpenoid biosynthesis,5/244,23/7794,0.000611552951214137,0.0299660946094927,0.0286464277147675,106326551/106339788/106307047/106303240/106316964,5
