ID,Description,GeneRatio,BgRatio,pvalue,p.adjust,qvalue,geneID,Count
boe00511,Other glycan degradation,9/640,21/7797,1.90983572488985e-05,0.00225360615537002,0.00219128520013677,106320478/106308629/106335012/106325542/106335074/106341831/106306073/106305484/106317815,9
