ID,Description,GeneRatio,BgRatio,pvalue,p.adjust,qvalue,geneID,Count
boe00966,Glucosinolate biosynthesis,10/429,40/7856,4.09510515019392e-05,0.00442271356220944,0.00418131789019801,106302779/106327830/106343089/106343839/106292635/106296539/106296616/106301717/106309460/106316016,10
boe00480,Glutathione metabolism,20/429,160/7856,0.000421926355280689,0.0227840231851572,0.0215404507695931,106324757/106340355/106328226/106336013/106337212/106337567/106342187/106294764/106292636/106343546/106294469/106299269/106301288/106303209/106309564/106310378/106308197/106307224/106316472/106318371,20
