ID,Description,GeneRatio,BgRatio,pvalue,p.adjust,qvalue,geneID,Count
boe00966,Glucosinolate biosynthesis,10/425,38/7834,2.38037532868787e-05,0.00254700160169602,0.00245554507590959,106302779/106327830/106343089/106343839/106292635/106296539/106296616/106301717/106309460/106316016,10
boe00480,Glutathione metabolism,20/425,159/7834,0.000356473091363205,0.0190713103879315,0.0183865068176811,106324757/106340355/106328226/106336013/106337212/106337567/106342187/106294764/106292636/106343546/106294469/106299269/106301288/106303209/106309564/106310378/106308197/106307224/106316472/106318371,20
