ID,Description,GeneRatio,BgRatio,pvalue,p.adjust,qvalue,geneID,Count
boe00511,Other glycan degradation,9/639,21/7794,1.89163601236901e-05,0.00223213049459543,0.00217040342471812,106320478/106308629/106335012/106325542/106335074/106341831/106306073/106305484/106317815,9
