ID,Description,GeneRatio,BgRatio,pvalue,p.adjust,qvalue,geneID,Count
boe00966,Glucosinolate biosynthesis,10/468,35/7794,2.60085673462558e-05,0.00291295954278065,0.00273774393118482,106302779/106327830/106330945/106343089/106343839/106292635/106296539/106296616/106309460/106316016,10
boe00480,Glutathione metabolism,21/468,159/7794,0.00050993159091663,0.0285561690913313,0.0268385047850858,106324757/106340355/106328226/106336013/106337212/106337567/106342187/106294764/106292636/106343546/106294469/106299269/106301288/106303209/106309564/106310146/106310378/106308197/106307224/106316472/106318371,21
