ID,Description,GeneRatio,BgRatio,pvalue,p.adjust,qvalue,geneID,Count
boe00196,Photosynthesis - antenna proteins,16/563,34/7834,2.68503881387383e-10,3.16834580037112e-08,2.82635664618298e-08,106326940/106335006/106334582/106341431/106341686/106294367/106294502/106301100/106301128/106305804/106312360/106310536/106312769/106319459/106319309/106318895,16
boe00511,Other glycan degradation,9/563,21/7834,6.44306912254119e-06,0.00038014107822993,0.000339108901186378,106320478/106335012/106325542/106327092/106332583/106336787/106341831/106306073/106305484,9
boe00062,Fatty acid elongation,12/563,50/7834,0.000163182659634205,0.00641851794561207,0.00572570735558614,106344444/106342441/106331496/106328375/106294572/106295733/106300729/106304303/106307157/106311667/106312287/106316651,12
boe00941,Flavonoid biosynthesis,11/563,48/7834,0.000467918141108655,0.0138035851627053,0.012313635292333,106339986/106342917/106335133/106331776/106328058/106338655/106298325/106298662/106301636/106303648/106315758,11
boe00630,Glyoxylate and dicarboxylate metabolism,19/563,124/7834,0.00127958523877762,0.0301982116351518,0.0269386366058446,106308162/106293072/106328762/106336862/106341727/106341726/106342891/106295814/106296431/106296704/106305679/106306448/106312595/106312454/106311776/106310152/106318812/106319444/106317871,19
boe00195,Photosynthesis,15/563,91/7834,0.00193662406543258,0.0380869399535075,0.0339758607970629,106314959/106313966/106312485/106339985/106292484/106293267/106343947/106343230/106294407/106305209/106304787/106306585/106307428/106312114/106318029,15
