ID,Description,GeneRatio,BgRatio,pvalue,p.adjust,qvalue,geneID,Count
boe00196,Photosynthesis - antenna proteins,16/570,34/7855,3.10323874591912e-10,3.69285410764375e-08,3.29923277197717e-08,106326940/106335006/106334582/106341431/106341686/106294367/106294502/106301100/106301128/106305804/106312360/106310536/106312769/106319459/106319309/106318895,16
boe00511,Other glycan degradation,9/570,20/7855,4.26009743580239e-06,0.000253475797430242,0.000226457811061075,106320478/106335012/106325542/106327092/106332583/106336787/106341831/106306073/106305484,9
boe00062,Fatty acid elongation,12/570,53/7855,0.000321576782670048,0.0127558790459119,0.0113962298419912,106344444/106342441/106331496/106328375/106294572/106295733/106300729/106304303/106307157/106311667/106312287/106316651,12
boe00941,Flavonoid biosynthesis,11/570,48/7855,0.000508248549304313,0.0151203943418033,0.0135087114420357,106339986/106342917/106335133/106331776/106328058/106338655/106298325/106298662/106301636/106303648/106315758,11
boe00073,Cutin, suberine and wax biosynthesis,12/570,62/7855,0.00142905389224917,0.0284419375818073,0.0254103113291688,106325191/106322500/106329460/106328673/106295656/106310015/106311966/106308419/106319018/106319060/106313810/106313423,12
boe00630,Glyoxylate and dicarboxylate metabolism,19/570,124/7855,0.0014340472730323,0.0284419375818073,0.0254103113291688,106308162/106293072/106328762/106336862/106341727/106341726/106342891/106295814/106296431/106296704/106305679/106306448/106312595/106312454/106311776/106310152/106318812/106319444/106317871,19
boe00195,Photosynthesis,15/570,91/7855,0.00212992792003556,0.0362087746406045,0.0323492811915175,106314959/106313966/106312485/106339985/106292484/106293267/106343947/106343230/106294407/106305209/106304787/106306585/106307428/106312114/106318029,15
