ID,Description,GeneRatio,BgRatio,pvalue,p.adjust,qvalue,geneID,Count
boe00196,Photosynthesis - antenna proteins,16/570,34/7847,3.15017745638929e-10,3.74871117310325e-08,3.34913603258229e-08,106326940/106335006/106334582/106341431/106341686/106294367/106294502/106301100/106301128/106305804/106312360/106310536/106312769/106319459/106319309/106318895,16
boe00511,Other glycan degradation,9/570,20/7847,4.2960689530263e-06,0.000255616102705065,0.000228369981187187,106320478/106335012/106325542/106327092/106332583/106336787/106341831/106306073/106305484,9
boe00062,Fatty acid elongation,12/570,53/7847,0.000324595325364406,0.0128756145727881,0.0115032027585281,106344444/106342441/106331496/106328375/106294572/106295733/106300729/106304303/106307157/106311667/106312287/106316651,12
boe00941,Flavonoid biosynthesis,11/570,48/7847,0.000512650372919002,0.0152513485943403,0.0136257072802156,106339986/106342917/106335133/106331776/106328058/106338655/106298325/106298662/106301636/106303648/106315758,11
boe00630,Glyoxylate and dicarboxylate metabolism,19/570,124/7847,0.00145111111537826,0.0345364445460026,0.0308552047690956,106308162/106293072/106328762/106336862/106341727/106341726/106342891/106295814/106296431/106296704/106305679/106306448/106312595/106312454/106311776/106310152/106318812/106319444/106317871,19
boe00195,Photosynthesis,15/570,91/7847,0.00215111777361205,0.039205432056658,0.0350265248803402,106314959/106313966/106312485/106339985/106292484/106293267/106343947/106343230/106294407/106305209/106304787/106306585/106307428/106312114/106318029,15
boe00073,Cutin, suberine and wax biosynthesis,11/570,57/7847,0.00230620188568577,0.039205432056658,0.0350265248803402,106325191/106322500/106329460/106328673/106295656/106311966/106308419/106319018/106319060/106313810/106313423,11
