ID,Description,GeneRatio,BgRatio,pvalue,p.adjust,qvalue,geneID,Count
boe03040,Spliceosome,43/493,287/7855,6.22721043196453e-08,6.47629884924312e-06,6.16166084847017e-06,106320548/106308303/106323083/106316479/106302833/106317743/106318090/106319571/106325451/106322828/106326675/106329617/106331859/106333167/106332510/106329472/106334780/106327980/106329101/106334802/106341975/106342106/106294423/106294449/106292856/106294489/106296588/106296491/106300617/106296449/106303709/106301705/106323438/106305735/106304350/106304333/106311704/106318050/106318270/106318044/106313042/106315542/106318722,43
boe00030,Pentose phosphate pathway,14/493,87/7855,0.00095053535847774,0.0494278386408425,0.0470264861562671,106306652/106322468/106319730/106334962/106328421/106295734/106343137/106292903/106343538/106303826/106301918/106312442/106313158/106318371,14
