ID,Description,GeneRatio,BgRatio,pvalue,p.adjust,qvalue,geneID,Count
boe03040,Spliceosome,43/494,289/7856,8.07089890728224e-08,8.39373486357353e-06,7.9009852460763e-06,106320548/106308303/106323083/106316479/106302833/106317743/106318090/106319571/106325451/106322828/106326675/106329617/106331859/106333167/106332510/106329472/106334780/106327980/106329101/106334802/106341975/106342106/106294423/106294449/106292856/106294489/106296588/106296491/106300617/106296449/106303709/106301705/106323438/106305735/106304350/106304333/106311704/106318050/106318270/106318044/106313042/106315542/106318722,43
