ID,Description,GeneRatio,BgRatio,pvalue,p.adjust,qvalue,geneID,Count
boe00196,Photosynthesis - antenna proteins,16/571,34/7856,3.17937757677628e-10,3.78345931636377e-08,3.38018037109899e-08,106326940/106335006/106334582/106341431/106341686/106294367/106294502/106301100/106301128/106305804/106312360/106310536/106312769/106319459/106319309/106318895,16
boe00511,Other glycan degradation,9/571,20/7856,4.31799037843701e-06,0.000256920427517002,0.000229535278011651,106320478/106335012/106325542/106327092/106332583/106336787/106341831/106306073/106305484,9
boe00062,Fatty acid elongation,12/571,53/7856,0.000326438859729063,0.0129487414359195,0.0115685350289949,106344444/106342441/106331496/106328375/106294572/106295733/106300729/106304303/106307157/106311667/106312287/106316651,12
boe00941,Flavonoid biosynthesis,11/571,48/7856,0.00051533280377172,0.0153311509122087,0.0136970034686694,106339986/106342917/106335133/106331776/106328058/106338655/106298325/106298662/106301636/106303648/106315758,11
boe00630,Glyoxylate and dicarboxylate metabolism,19/571,124/7856,0.00146160200785923,0.0347861277870496,0.0310782742723751,106308162/106293072/106328762/106336862/106341727/106341726/106342891/106295814/106296431/106296704/106305679/106306448/106312595/106312454/106311776/106310152/106318812/106319444/106317871,19
boe00195,Photosynthesis,15/571,91/7856,0.00216407154592184,0.0393956673920701,0.0351964830305093,106314959/106313966/106312485/106339985/106292484/106293267/106343947/106343230/106294407/106305209/106304787/106306585/106307428/106312114/106318029,15
boe00073,Cutin, suberine and wax biosynthesis,11/571,57/7856,0.00231739219953354,0.0393956673920701,0.0351964830305093,106325191/106322500/106329460/106328673/106295656/106311966/106308419/106319018/106319060/106313810/106313423,11
